{"format": "layers-model", "generatedBy": "keras v2.11.0", "convertedBy": "TensorFlow.js Converter v4.2.0", "modelTopology": {"keras_version": "2.11.0", "backend": "tensorflow", "model_config": {"class_name": "Functional", "config": {"name": "model_1", "layers": [{"class_name": "InputLayer", "config": {"batch_input_shape": [null, 51], "dtype": "float32", "sparse": false, "ragged": false, "name": "input_2"}, "name": "input_2", "inbound_nodes": []}, {"class_name": "Reshape", "config": {"name": "reshape_1", "trainable": true, "dtype": "float32", "target_shape": [17, 3]}, "name": "reshape_1", "inbound_nodes": [[["input_2", 0, 0, {}]]]}, {"class_name": "SlicingOpLambda", "config": {"name": "tf.__operators__.getitem_1", "trainable": true, "dtype": "float32", "function": "__operators__.getitem"}, "name": "tf.__operators__.getitem_1", "inbound_nodes": [["reshape_1", 0, 0, {"slice_spec": [{"start": null, "stop": null, "step": null}, {"start": null, "stop": null, "step": null}, {"start": null, "stop": 2, "step": null}]}]]}, {"class_name": "TFOpLambda", "config": {"name": "tf.compat.v1.gather_9", "trainable": true, "dtype": "float32", "function": "compat.v1.gather"}, "name": "tf.compat.v1.gather_9", "inbound_nodes": [["tf.__operators__.getitem_1", 0, 0, {"indices": 11, "validate_indices": null, "name": null, "axis": 1, "batch_dims": 0}]]}, {"class_name": "TFOpLambda", "config": {"name": "tf.compat.v1.gather_10", "trainable": true, "dtype": "float32", "function": "compat.v1.gather"}, "name": "tf.compat.v1.gather_10", "inbound_nodes": [["tf.__operators__.getitem_1", 0, 0, {"indices": 12, "validate_indices": null, "name": null, "axis": 1, "batch_dims": 0}]]}, {"class_name": "TFOpLambda", "config": {"name": "tf.math.multiply_9", "trainable": true, "dtype": "float32", "function": "math.multiply"}, "name": "tf.math.multiply_9", "inbound_nodes": [["tf.compat.v1.gather_9", 0, 0, {"y": 0.5, "name": null}]]}, {"class_name": "TFOpLambda", "config": {"name": "tf.math.multiply_10", "trainable": true, "dtype": "float32", "function": "math.multiply"}, "name": "tf.math.multiply_10", "inbound_nodes": [["tf.compat.v1.gather_10", 0, 0, {"y": 0.5, "name": null}]]}, {"class_name": "TFOpLambda", "config": {"name": "tf.__operators__.add_4", "trainable": true, "dtype": "float32", "function": "__operators__.add"}, "name": "tf.__operators__.add_4", "inbound_nodes": [["tf.math.multiply_9", 0, 0, {"y": ["tf.math.multiply_10", 0, 0], "name": null}]]}, {"class_name": "TFOpLambda", "config": {"name": "tf.compat.v1.size_2", "trainable": true, "dtype": "float32", "function": "compat.v1.size"}, "name": "tf.compat.v1.size_2", "inbound_nodes": [["tf.__operators__.getitem_1", 0, 0, {"name": null, "out_type": "int32"}]]}, {"class_name": "TFOpLambda", "config": {"name": "tf.expand_dims_2", "trainable": true, "dtype": "float32", "function": "expand_dims"}, "name": "tf.expand_dims_2", "inbound_nodes": [["tf.__operators__.add_4", 0, 0, {"axis": 1}]]}, {"class_name": "TFOpLambda", "config": {"name": "tf.compat.v1.floor_div_2", "trainable": true, "dtype": "float32", "function": "compat.v1.floor_div"}, "name": "tf.compat.v1.floor_div_2", "inbound_nodes": [["tf.compat.v1.size_2", 0, 0, {"y": 34, "name": null}]]}, {"class_name": "TFOpLambda", "config": {"name": "tf.broadcast_to_2", "trainable": true, "dtype": "float32", "function": "broadcast_to"}, "name": "tf.broadcast_to_2", "inbound_nodes": [["tf.expand_dims_2", 0, 0, {"shape": [["tf.compat.v1.floor_div_2", 0, 0], 17, 2], "name": null}]]}, {"class_name": "TFOpLambda", "config": {"name": "tf.math.subtract_3", "trainable": true, "dtype": "float32", "function": "math.subtract"}, "name": "tf.math.subtract_3", "inbound_nodes": [["tf.__operators__.getitem_1", 0, 0, {"y": ["tf.broadcast_to_2", 0, 0], "name": null}]]}, {"class_name": "TFOpLambda", "config": {"name": "tf.compat.v1.gather_15", "trainable": true, "dtype": "float32", "function": "compat.v1.gather"}, "name": "tf.compat.v1.gather_15", "inbound_nodes": [["tf.math.subtract_3", 0, 0, {"indices": 11, "validate_indices": null, "name": null, "axis": 1, "batch_dims": 0}]]}, {"class_name": "TFOpLambda", "config": {"name": "tf.compat.v1.gather_16", "trainable": true, "dtype": "float32", "function": "compat.v1.gather"}, "name": "tf.compat.v1.gather_16", "inbound_nodes": [["tf.math.subtract_3", 0, 0, {"indices": 12, "validate_indices": null, "name": null, "axis": 1, "batch_dims": 0}]]}, {"class_name": "TFOpLambda", "config": {"name": "tf.math.multiply_15", "trainable": true, "dtype": "float32", "function": "math.multiply"}, "name": "tf.math.multiply_15", "inbound_nodes": [["tf.compat.v1.gather_15", 0, 0, {"y": 0.5, "name": null}]]}, {"class_name": "TFOpLambda", "config": {"name": "tf.math.multiply_16", "trainable": true, "dtype": "float32", "function": "math.multiply"}, "name": "tf.math.multiply_16", "inbound_nodes": [["tf.compat.v1.gather_16", 0, 0, {"y": 0.5, "name": null}]]}, {"class_name": "TFOpLambda", "config": {"name": "tf.__operators__.add_7", "trainable": true, "dtype": "float32", "function": "__operators__.add"}, "name": "tf.__operators__.add_7", "inbound_nodes": [["tf.math.multiply_15", 0, 0, {"y": ["tf.math.multiply_16", 0, 0], "name": null}]]}, {"class_name": "TFOpLambda", "config": {"name": "tf.compat.v1.size_3", "trainable": true, "dtype": "float32", "function": "compat.v1.size"}, "name": "tf.compat.v1.size_3", "inbound_nodes": [["tf.math.subtract_3", 0, 0, {"name": null, "out_type": "int32"}]]}, {"class_name": "TFOpLambda", "config": {"name": "tf.compat.v1.gather_13", "trainable": true, "dtype": "float32", "function": "compat.v1.gather"}, "name": "tf.compat.v1.gather_13", "inbound_nodes": [["tf.math.subtract_3", 0, 0, {"indices": 5, "validate_indices": null, "name": null, "axis": 1, "batch_dims": 0}]]}, {"class_name": "TFOpLambda", "config": {"name": "tf.compat.v1.gather_14", "trainable": true, "dtype": "float32", "function": "compat.v1.gather"}, "name": "tf.compat.v1.gather_14", "inbound_nodes": [["tf.math.subtract_3", 0, 0, {"indices": 6, "validate_indices": null, "name": null, "axis": 1, "batch_dims": 0}]]}, {"class_name": "TFOpLambda", "config": {"name": "tf.compat.v1.gather_11", "trainable": true, "dtype": "float32", "function": "compat.v1.gather"}, "name": "tf.compat.v1.gather_11", "inbound_nodes": [["tf.math.subtract_3", 0, 0, {"indices": 11, "validate_indices": null, "name": null, "axis": 1, "batch_dims": 0}]]}, {"class_name": "TFOpLambda", "config": {"name": "tf.compat.v1.gather_12", "trainable": true, "dtype": "float32", "function": "compat.v1.gather"}, "name": "tf.compat.v1.gather_12", "inbound_nodes": [["tf.math.subtract_3", 0, 0, {"indices": 12, "validate_indices": null, "name": null, "axis": 1, "batch_dims": 0}]]}, {"class_name": "TFOpLambda", "config": {"name": "tf.expand_dims_3", "trainable": true, "dtype": "float32", "function": "expand_dims"}, "name": "tf.expand_dims_3", "inbound_nodes": [["tf.__operators__.add_7", 0, 0, {"axis": 1}]]}, {"class_name": "TFOpLambda", "config": {"name": "tf.compat.v1.floor_div_3", "trainable": true, "dtype": "float32", "function": "compat.v1.floor_div"}, "name": "tf.compat.v1.floor_div_3", "inbound_nodes": [["tf.compat.v1.size_3", 0, 0, {"y": 34, "name": null}]]}, {"class_name": "TFOpLambda", "config": {"name": "tf.math.multiply_13", "trainable": true, "dtype": "float32", "function": "math.multiply"}, "name": "tf.math.multiply_13", "inbound_nodes": [["tf.compat.v1.gather_13", 0, 0, {"y": 0.5, "name": null}]]}, {"class_name": "TFOpLambda", "config": {"name": "tf.math.multiply_14", "trainable": true, "dtype": "float32", "function": "math.multiply"}, "name": "tf.math.multiply_14", "inbound_nodes": [["tf.compat.v1.gather_14", 0, 0, {"y": 0.5, "name": null}]]}, {"class_name": "TFOpLambda", "config": {"name": "tf.math.multiply_11", "trainable": true, "dtype": "float32", "function": "math.multiply"}, "name": "tf.math.multiply_11", "inbound_nodes": [["tf.compat.v1.gather_11", 0, 0, {"y": 0.5, "name": null}]]}, {"class_name": "TFOpLambda", "config": {"name": "tf.math.multiply_12", "trainable": true, "dtype": "float32", "function": "math.multiply"}, "name": "tf.math.multiply_12", "inbound_nodes": [["tf.compat.v1.gather_12", 0, 0, {"y": 0.5, "name": null}]]}, {"class_name": "TFOpLambda", "config": {"name": "tf.broadcast_to_3", "trainable": true, "dtype": "float32", "function": "broadcast_to"}, "name": "tf.broadcast_to_3", "inbound_nodes": [["tf.expand_dims_3", 0, 0, {"shape": [["tf.compat.v1.floor_div_3", 0, 0], 17, 2], "name": null}]]}, {"class_name": "TFOpLambda", "config": {"name": "tf.__operators__.add_6", "trainable": true, "dtype": "float32", "function": "__operators__.add"}, "name": "tf.__operators__.add_6", "inbound_nodes": [["tf.math.multiply_13", 0, 0, {"y": ["tf.math.multiply_14", 0, 0], "name": null}]]}, {"class_name": "TFOpLambda", "config": {"name": "tf.__operators__.add_5", "trainable": true, "dtype": "float32", "function": "__operators__.add"}, "name": "tf.__operators__.add_5", "inbound_nodes": [["tf.math.multiply_11", 0, 0, {"y": ["tf.math.multiply_12", 0, 0], "name": null}]]}, {"class_name": "TFOpLambda", "config": {"name": "tf.math.subtract_5", "trainable": true, "dtype": "float32", "function": "math.subtract"}, "name": "tf.math.subtract_5", "inbound_nodes": [["tf.math.subtract_3", 0, 0, {"y": ["tf.broadcast_to_3", 0, 0], "name": null}]]}, {"class_name": "TFOpLambda", "config": {"name": "tf.math.subtract_4", "trainable": true, "dtype": "float32", "function": "math.subtract"}, "name": "tf.math.subtract_4", "inbound_nodes": [["tf.__operators__.add_6", 0, 0, {"y": ["tf.__operators__.add_5", 0, 0], "name": null}]]}, {"class_name": "TFOpLambda", "config": {"name": "tf.compat.v1.gather_17", "trainable": true, "dtype": "float32", "function": "compat.v1.gather"}, "name": "tf.compat.v1.gather_17", "inbound_nodes": [["tf.math.subtract_5", 0, 0, {"indices": 0, "validate_indices": null, "name": "dist_to_pose_center", "axis": 0, "batch_dims": 0}]]}, {"class_name": "TFOpLambda", "config": {"name": "tf.compat.v1.norm_2", "trainable": true, "dtype": "float32", "function": "compat.v1.norm"}, "name": "tf.compat.v1.norm_2", "inbound_nodes": [["tf.math.subtract_4", 0, 0, {"ord": "euclidean", "axis": null, "keepdims": null, "name": null}]]}, {"class_name": "TFOpLambda", "config": {"name": "tf.compat.v1.norm_3", "trainable": true, "dtype": "float32", "function": "compat.v1.norm"}, "name": "tf.compat.v1.norm_3", "inbound_nodes": [["tf.compat.v1.gather_17", 0, 0, {"ord": "euclidean", "axis": 0, "keepdims": null, "name": null}]]}, {"class_name": "TFOpLambda", "config": {"name": "tf.math.multiply_17", "trainable": true, "dtype": "float32", "function": "math.multiply"}, "name": "tf.math.multiply_17", "inbound_nodes": [["tf.compat.v1.norm_2", 0, 0, {"y": 2.5, "name": null}]]}, {"class_name": "TFOpLambda", "config": {"name": "tf.math.reduce_max_1", "trainable": true, "dtype": "float32", "function": "math.reduce_max"}, "name": "tf.math.reduce_max_1", "inbound_nodes": [["tf.compat.v1.norm_3", 0, 0, {}]]}, {"class_name": "TFOpLambda", "config": {"name": "tf.math.maximum_1", "trainable": true, "dtype": "float32", "function": "math.maximum"}, "name": "tf.math.maximum_1", "inbound_nodes": [["tf.math.multiply_17", 0, 0, {"y": ["tf.math.reduce_max_1", 0, 0], "name": null}]]}, {"class_name": "TFOpLambda", "config": {"name": "tf.math.truediv_1", "trainable": true, "dtype": "float32", "function": "math.truediv"}, "name": "tf.math.truediv_1", "inbound_nodes": [["tf.math.subtract_3", 0, 0, {"y": ["tf.math.maximum_1", 0, 0], "name": null}]]}, {"class_name": "Flatten", "config": {"name": "flatten_1", "trainable": true, "dtype": "float32", "data_format": "channels_last"}, "name": "flatten_1", "inbound_nodes": [[["tf.math.truediv_1", 0, 0, {}]]]}, {"class_name": "Dense", "config": {"name": "dense_3", "trainable": true, "dtype": "float32", "units": 128, "activation": "relu6", "use_bias": true, "kernel_initializer": {"class_name": "GlorotUniform", "config": {"seed": null}}, "bias_initializer": {"class_name": "Zeros", "config": {}}, "kernel_regularizer": null, "bias_regularizer": null, "activity_regularizer": null, "kernel_constraint": null, "bias_constraint": null}, "name": "dense_3", "inbound_nodes": [[["flatten_1", 0, 0, {}]]]}, {"class_name": "Dropout", "config": {"name": "dropout_2", "trainable": true, "dtype": "float32", "rate": 0.5, "noise_shape": null, "seed": null}, "name": "dropout_2", "inbound_nodes": [[["dense_3", 0, 0, {}]]]}, {"class_name": "Dense", "config": {"name": "dense_4", "trainable": true, "dtype": "float32", "units": 64, "activation": "relu6", "use_bias": true, "kernel_initializer": {"class_name": "GlorotUniform", "config": {"seed": null}}, "bias_initializer": {"class_name": "Zeros", "config": {}}, "kernel_regularizer": null, "bias_regularizer": null, "activity_regularizer": null, "kernel_constraint": null, "bias_constraint": null}, "name": "dense_4", "inbound_nodes": [[["dropout_2", 0, 0, {}]]]}, {"class_name": "Dropout", "config": {"name": "dropout_3", "trainable": true, "dtype": "float32", "rate": 0.5, "noise_shape": null, "seed": null}, "name": "dropout_3", "inbound_nodes": [[["dense_4", 0, 0, {}]]]}, {"class_name": "Dense", "config": {"name": "dense_5", "trainable": true, "dtype": "float32", "units": 3, "activation": "softmax", "use_bias": true, "kernel_initializer": {"class_name": "GlorotUniform", "config": {"seed": null}}, "bias_initializer": {"class_name": "Zeros", "config": {}}, "kernel_regularizer": null, "bias_regularizer": null, "activity_regularizer": null, "kernel_constraint": null, "bias_constraint": null}, "name": "dense_5", "inbound_nodes": [[["dropout_3", 0, 0, {}]]]}], "input_layers": [["input_2", 0, 0]], "output_layers": [["dense_5", 0, 0]]}}, "training_config": {"loss": "categorical_crossentropy", "metrics": [[{"class_name": "MeanMetricWrapper", "config": {"name": "accuracy", "dtype": "float32", "fn": "categorical_accuracy"}}]], "weighted_metrics": null, "loss_weights": null, "optimizer_config": {"class_name": "Custom>Adam", "config": {"name": "Adam", "weight_decay": null, "clipnorm": null, "global_clipnorm": null, "clipvalue": null, "use_ema": false, "ema_momentum": 0.99, "ema_overwrite_frequency": null, "jit_compile": true, "is_legacy_optimizer": false, "learning_rate": 0.0010000000474974513, "beta_1": 0.9, "beta_2": 0.999, "epsilon": 1e-07, "amsgrad": false}}}}, "weightsManifest": [{"paths": ["group1-shard1of1.bin"], "weights": [{"name": "dense_3/kernel", "shape": [34, 128], "dtype": "float32"}, {"name": "dense_3/bias", "shape": [128], "dtype": "float32"}, {"name": "dense_4/kernel", "shape": [128, 64], "dtype": "float32"}, {"name": "dense_4/bias", "shape": [64], "dtype": "float32"}, {"name": "dense_5/kernel", "shape": [64, 3], "dtype": "float32"}, {"name": "dense_5/bias", "shape": [3], "dtype": "float32"}]}]}